10001,Georgi,Facello,M
10003,Parto,Bamford,M
10004,Chirstian,Koblick,M
10005,Kyoichi,Maliniak,M
10008,Saniya,Kalloufi,M
10012,Patricio,Bridgland,M
10013,Eberhardt,Terkki,M
10014,Berni,Genin,M
10015,Guoxiang,Nooteboom,M
10016,Kazuhito,Cappelletti,M
10019,Lillian,Haddadi,M
10020,Mayuko,Warwick,M
10021,Ramzi,Erde,M
10022,Shahaf,Famili,M
10025,Prasadram,Heyers,M
10026,Yongqiao,Berztiss,M
10028,Domenick,Tempesti,M
10029,Otmar,Herbst,M
10030,Elvis,Demeyer,M
10031,Karsten,Joslin,M
10033,Arif,Merlo,M
10034,Bader,Swan,M
10035,Alain,Chappelet,M
10036,Adamantios,Portugali,M
10037,Pradeep,Makrucki,M
10038,Huan,Lortz,M
10039,Alejandro,Brender,M
10043,Yishay,Tzvieli,M
10045,Moss,Shanbhogue,M
10046,Lucien,Rosenbaum,M
