10002,Bezalel,Simmel,F
10006,Anneke,Preusig,F
10007,Tzvetan,Zielinski,F
10009,Sumant,Peac,F
10010,Duangkaew,Piveteau,F
10011,Mary,Sluis,F
10017,Cristinel,Bouloucos,F
10018,Kazuhide,Peha,F
10023,Bojan,Montemayor,F
10024,Suzette,Pettey,F
10027,Divier,Reistad,F
10032,Jeong,Reistad,F
10040,Weiyi,Meriste,F
10041,Uri,Lenart,F
10042,Magy,Stamatiou,F
10044,Mingsen,Casley,F
10049,Basil,Tramer,F
10053,Sanjiv,Zschoche,F
10056,Brendon,Bernini,F
10057,Ebbe,Callaway,F
10059,Alejandro,McAlpine,F
10063,Gino,Leonhardt,F
10069,Margareta,Bierman,F
10072,Hironoby,Sidou,F
10074,Mokhtar,Bernatsky,F
10075,Gao,Dolinsky,F
10076,Erez,Ritzmann,F
10078,Danel,Mondadori,F
10079,Kshitij,Gils,F
